model.name,rmse
all,153.52511491261137
lower,241.8105526918053
upper,174.1815891726715
rsquared,159.62550823594782
